Designator,Mid X,Mid Y,Layer,Rotation
C_ACCEL_BULK1,179.702261,-53.549358,Bottom,140.000000
C_ACCEL_IO1,186.493687,-57.368158,Bottom,-40.000000
C_ACCEL_VDD1,185.423687,-58.648158,Bottom,-40.000000
C_ADCAVDD1,152.289999,-107.560000,Bottom,-90.000000
C_BAT1,157.280000,-73.210000,Bottom,-90.000000
C_BQ_IN1,150.580000,-69.330000,Bottom,90.000000
C_BQ_OUT1,151.750000,-78.140000,Bottom,-90.000000
C_CAP1203_VDD1,105.324518,-50.545154,Bottom,55.000000
C_DVDD1,149.770003,-92.394995,Bottom,90.000000
C_DVDD2,140.340001,-106.435000,Bottom,-90.000000
C_FLASH1,148.780000,-116.830002,Bottom,180.000000
C_HALL1,123.040000,-102.110000,Bottom,90.000000
C_IOVDD1,148.106002,-92.394997,Bottom,90.000000
C_IOVDD2,152.479986,-100.397488,Bottom,-90.000000
C_IOVDD3,141.100000,-98.890000,Bottom,180.000000
C_IOVDD4,141.459986,-102.247488,Bottom,180.000000
C_IOVDD5,141.980002,-106.435000,Bottom,-90.000000
C_IOVDD6,150.659999,-107.560000,Bottom,-90.000000
C_LIGHT1,188.441843,-64.793688,Bottom,50.000000
C_MCP9808,104.211550,-47.128094,Bottom,145.000000
C_RTC_VDD1,123.660002,-113.535000,Bottom,-90.000000
C_TPS_IN1,150.370002,-62.579998,Bottom,-90.000000
C_TPS_IN_HF1,150.410006,-59.165000,Bottom,90.000000
C_TPS_OUT1,156.510000,-60.440000,Bottom,0.000000
C_TPS_OUT2,154.350001,-55.919998,Bottom,90.000000
C_TPS_OUT_HF1,156.285003,-58.530005,Bottom,0.000000
C_USBVDD1,143.610002,-106.435000,Bottom,-90.000000
C_VBAT_ADC1,170.234200,-51.753199,Bottom,-145.000000
C_VINA1,148.760000,-59.170000,Bottom,90.000000
C_VREGIN1,151.409997,-105.140000,Bottom,0.000000
C_VREGOUT1,149.030000,-107.560000,Bottom,-90.000000
C_XIN1,144.773998,-88.849998,Bottom,0.000000
C_XOUT1,142.360000,-92.419993,Bottom,-90.000000
D1,126.319998,-116.500001,Bottom,0.000000
D2,135.490007,-118.225004,Bottom,-90.000000
IC1,153.019997,-59.547500,Bottom,90.000000
J2,135.680000,-125.465000,Bottom,180.000000
J_BATT1,162.590401,-54.788557,Bottom,125.000000
L_TPS1,153.959997,-64.510001,Bottom,90.000000
Q1,167.282548,-48.371565,Bottom,-145.000000
R_B1,133.930000,-112.860000,Bottom,180.000000
R_BAT_BOTTOM1,171.170000,-53.130000,Bottom,-145.000000
R_BAT_TOP1,169.298399,-50.376400,Bottom,35.000000
R_BOOT1,142.970001,-117.580000,Bottom,-90.000000
R_CC1,137.630001,-118.295001,Bottom,90.000000
R_CC2,133.300001,-118.254999,Bottom,90.000000
R_CHG_PULL1,155.130000,-80.160000,Bottom,90.000000
R_CS_PULL1,145.500002,-116.830000,Bottom,180.000000
R_EN_PD1,149.474999,-56.770000,Bottom,180.000000
R_G1,132.170000,-111.110000,Bottom,180.000000
R_ILIM1,150.830000,-72.930000,Bottom,-90.000000
R_ISET1,154.282169,-69.550017,Bottom,90.000000
R_LIGHT1,189.760000,-65.940000,Bottom,-130.000000
R_PG_PULL1,154.880000,-77.750000,Bottom,0.000000
R_PULL_SCL1,124.490000,-109.980000,Bottom,90.000000
R_PULL_SDA1,126.280000,-109.980000,Bottom,90.000000
R_R1,132.170000,-109.340000,Bottom,180.000000
R_RTC_INT1,122.600000,-109.970000,Bottom,90.000000
R_SHIELD1,129.260001,-122.195000,Bottom,-90.000000
R_TMR1,152.556088,-69.550017,Bottom,90.000000
R_TOUCH_INT1,110.444199,-57.996798,Bottom,145.000000
R_USB_DM1,146.605001,-106.780000,Bottom,180.000000
R_USB_DP1,146.620000,-108.500000,Bottom,180.000000
R_VBACKUP1,129.150001,-116.424999,Bottom,90.000000
R_XOUT1,148.106001,-89.224995,Bottom,-90.000000
SW1,136.530000,-50.500003,Bottom,0.000000
SW_BOOTSEL1,144.951982,-121.812824,Bottom,55.000000
SW_RST1,151.827999,-87.419998,Bottom,-90.000000
TH1,155.990000,-69.535015,Bottom,-90.000000
U1,147.240001,-100.029992,Bottom,0.000000
U2,145.647498,-112.384998,Bottom,0.000000
U3,153.830007,-73.599999,Bottom,180.000000
U5,101.492103,-50.374810,Bottom,145.000000
U6,183.417673,-55.253870,Bottom,-130.000000
U7,187.320000,-62.350000,Bottom,50.000000
U8,108.538313,-52.811582,Bottom,145.000000
U9,122.105034,-105.780000,Bottom,-90.000000
U10,126.430000,-113.320000,Bottom,180.000000
Y1,145.023751,-91.820241,Bottom,-90.000000
J1,129.159999,-58.440000,Top,90.000000
SW_A1,127.542000,-97.789999,Top,90.000000
SW_B1,136.492000,-99.429999,Top,90.000000
SW_C1,145.777999,-97.899998,Top,90.000000
