Comment,Designator,Footprint,JLCPCB Part # optional
10uF,"C_ACCEL_BULK1,C_BAT1,C_BQ_OUT1,C_TPS_IN1,C_TPS_OUT1,C_TPS_OUT2",Capacitor_SMD:C_0805_2012Metric,
100nF,"C_ACCEL_IO1,C_ACCEL_VDD1,C_ADCAVDD1,C_CAP1203_VDD1,C_DVDD1,C_DVDD2,C_FLASH1,C_HALL1,C_IOVDD1,C_IOVDD2,C_IOVDD3,C_IOVDD4,C_IOVDD5,C_IOVDD6,C_LIGHT1,C_MCP9808,C_RTC_VDD1,C_TPS_IN_HF1,C_TPS_OUT_HF1,C_USBVDD1,C_VBAT_ADC1,C_VINA1",Capacitor_SMD:C_0603_1608Metric,
4.7uF,C_BQ_IN1,Capacitor_SMD:C_0805_2012Metric,
1uF,"C_VREGIN1,C_VREGOUT1",Capacitor_SMD:C_0603_1608Metric,
15pF,"C_XIN1,C_XOUT1",Capacitor_SMD:C_0603_1608Metric,
,D1,clotty:SOT-23-3_L2.9-W1.3-P1.90-LS2.4-BR,C194653
,D2,clotty:SOT-666-6_L1.6-W1.2-P0.50-LS1.6-BR,C15999
TPS63031DSKR,IC1,clotty:SON-10_L2.5-W2.5-P0.50-TL-EP,C15516
Display,J1,Connector_PinHeader_2.54mm:PinHeader_1x07_P2.54mm_Vertical,
USB_C_Receptacle_USB2.0_16P,J2,Connector_USB:USB_C_Receptacle_GCT_USB4105-xx-A_16P_TopMnt_Horizontal,C3020560
Battery Conn,J_BATT1,clotty:CONN-SMD_P2.00_S2B-PH-SM4-TB-LF-SN,C295747
1.5uH,L_TPS1,clotty:IND-SMD_L4.5-W4.1_SRP4020TA,
,Q1,clotty:SOT-23-3_L2.9-W1.6-P1.90-LS2.8-BR,C332302
100Ohm,"R_B1,R_G1",Resistor_SMD:R_0603_1608Metric,
1MOhm,"R_BAT_BOTTOM1,R_BAT_TOP1,R_EN_PD1",Resistor_SMD:R_0603_1608Metric,
1kOhm,"R_BOOT1,R_XOUT1",Resistor_SMD:R_0603_1608Metric,
5.1kOhm,"R_CC1,R_CC2",Resistor_SMD:R_0603_1608Metric,
100kOhm,"R_CHG_PULL1,R_PG_PULL1,R_RTC_INT1,R_TOUCH_INT1",Resistor_SMD:R_0603_1608Metric,
10kOm,R_CS_PULL1,Resistor_SMD:R_0603_1608Metric,
1.5kOhm,R_ILIM1,Resistor_SMD:R_0603_1608Metric,
3kOhm,R_ISET1,Resistor_SMD:R_0603_1608Metric,
10kOhm,R_LIGHT1,Resistor_SMD:R_0603_1608Metric,
4.7kOhm,"R_PULL_SCL1,R_PULL_SDA1",Resistor_SMD:R_0603_1608Metric,
220Ohm,R_R1,Resistor_SMD:R_0603_1608Metric,
0Ohm,R_SHIELD1,Resistor_SMD:R_0603_1608Metric,
46.4kOhm,R_TMR1,Resistor_SMD:R_0603_1608Metric,
27Ohm,"R_USB_DM1,R_USB_DP1",Resistor_SMD:R_0603_1608Metric,
470Ohm,R_VBACKUP1,Resistor_SMD:R_0603_1608Metric,
,SW1,clotty:SW-SMD_SSSS811101,C109335
,"SW_A1,SW_B1,SW_BOOTSEL1,SW_C1,SW_RST1",clotty:KEY-SMD_KMR2XXGXXX,C72443
NCP18XH103F03RB,TH1,clotty:R0603,C13564
RP2040,U1,Package_DFN_QFN:QFN-56-1EP_7x7mm_P0.4mm_EP3.2x3.2mm,C2040
W25Q128JVS,U2,Package_SO:SOIC-8_5.3x5.3mm_P1.27mm,C97521
,U3,clotty:VQFN-16_L3.0-W3.0-P0.50-TL-EP1.7,C2865459
,U5,clotty:MSOP-8_L3.0-W3.0-P0.65-LS4.9-BL,C94847
,U6,clotty:LGA-16_L3.0-W3.0-P0.50-TL,C15134
,U7,clotty:SENSORS-SMD_TEMT6000X01,C94098
,U8,clotty:SOIC-8_L5.0-W4.0-P1.27-LS6.0-BL,C1522284
,U9,clotty:SOT-23-3_L2.9-W1.3-P0.95-LS2.4-BR,C140921
,U10,clotty:DFN-8_L3.2-W1.5-P0.9-BL,C5137460
12MHz,Y1,clotty:CRYSTAL-SMD_4P-L3.2-W2.5-BL,C20625731
